id_shopee;produto;preco;comissao_rs;vendas;nota;link_foto;link_afiliado;data_geracao;status;id_instagram
58217594272;Parafusadeira Furadeira de Impacto 60V Brushless  Nakasaki 55Nm Profissional + Maleta;155.99;20.28;91;4.9;https://cf.shopee.com.br/file/br-11134207-820m3-msq8pkzcrgg7b0;https://s.shopee.com.br/1VzcpD6yBp;2026-10-01 17:27:25;pendente;
22794290449;Bomba de Ar Portatil Compressor Inflator Multi-função 4 em 1 PowerBank 8kmah Bateria Calibrador de Carro Auto Pneu;179.99;10.80;555;4.8;https://cf.shopee.com.br/file/br-11134207-7r98o-md4vuscumrsi3e;https://s.shopee.com.br/3qNXbUy5SN;2026-10-01 17:27:25;pendente;
22093160254;2025 nova série 8 relógio t800 ultra smart X-ONE watch esportivo sem fio à prova d'água t800 ultra2 max;35.88;3.95;215;4.8;https://cf.shopee.com.br/file/br-11134207-7r98o-majb3pb53j7dd0;https://s.shopee.com.br/30oQby1G9G;2026-10-01 17:27:25;pendente;
22798733045;Kit 2 Conjuntos Academia Feminina – Top + Short Cintura Alta e Modeladora;69.9;10.48;984;4.9;https://cf.shopee.com.br/file/br-11134207-7r98o-md6n9drlrbjma6;https://s.shopee.com.br/4qG4nKuHQf;2026-10-01 17:27:25;pendente;
23098944281;QUEIMA DE ESTOQUE - Mesa de Jantar Quadrada Industrial – Design de Madeira p/ 4 Lugares;180.45;23.46;152;4.8;https://cf.shopee.com.br/file/br-11134207-81z1k-mf3vq9d3vxtx8d;https://s.shopee.com.br/4LJoCPwBRe;2026-10-01 17:27:25;pendente;
24898136951;Tênis De Placa De Carbono Masculino Feminino Correndo Maratona Leve Respirável 33 – 44;66.58;9.99;582;4.8;https://cf.shopee.com.br/file/sg-11134201-820n1-mnd2xc94nhfq05;https://s.shopee.com.br/1gJ31W6Kqs;2026-10-01 20:55:15;pendente;
27968827694;Tábua De Corte 304 Aço Inoxidável Antibacteriana À Prova De Mofo 46 cm tábua de cozinha;24.79;2.23;6186;4.7;https://cf.shopee.com.br/file/cn-11134207-7ras8-m31syvxotyp390;https://s.shopee.com.br/4VdEOivY6h;2026-10-01 20:55:15;pendente;
23093861925;Filtro Coador Inox Reutilizável 103 Premium Dispensa Papel Café Mais Forte e Sustentável;27.9;6.14;2216;4.9;https://cf.shopee.com.br/file/br-11134207-820l7-mq690qf084chf4;https://s.shopee.com.br/6VOImOnw39;2026-10-01 20:55:15;pendente;
23497274103;Camisola Lingerie Renda Sexy Sem Bojo Langerie Luxo;23.09;3.93;1173;4.8;https://cf.shopee.com.br/file/br-11134207-7r98o-lprxo2jm198j1f;https://s.shopee.com.br/5LCLOFsNPw;2026-10-01 20:55:15;pendente;
22894934956;Kit 3 Shorts 2 em 1 Dryfit Masculino Academia Corrida Treino Bermuda comprime Seca Rápida Confortável Fitnes;58.99;4.72;5191;4.8;https://cf.shopee.com.br/file/br-11134207-820li-monb1vtx0p342f;https://s.shopee.com.br/5fpBmrr6k2;2026-10-01 20:55:15;pendente;
23198865297;Fatiador de cozinha multifuncional profissional em aço inoxidável 16 em 1/3 em 1  fatiador de vegetais/frutas/legumes;26.99;2.43;1008;4.8;https://cf.shopee.com.br/file/br-11134207-81z1k-mei0j64uiwoy0c;https://s.shopee.com.br/5q8bzAqTP5;2026-10-02 01:46:08;pendente;
22492675357;Novo Guarda Chuva Automático Alta Resistência a Chuvas e Vento Forte Com Proteção UV;26.49;1.85;30096;4.9;https://cf.shopee.com.br/file/br-11134207-7r98o-md27szddhb8ye6;https://s.shopee.com.br/7faGAXjUgU;2026-10-02 01:46:08;pendente;
58252076983;Y10 Motocicleta Sem Fio Bluetooth 5.3 Fone de Ouvido Capacete Kit de Chamadas Mãos Livres À Prova D'Água Interco;38.99;3.12;2163;4.8;https://cf.shopee.com.br/file/br-11134207-81z1k-micuj22uwao146;https://s.shopee.com.br/6q19B0mfNN;2026-10-02 01:46:08;pendente;
58261831926;Garrafa Térmica Inox 1L com Display LED para Chá e Café;49.9;6.49;655;4.9;https://cf.shopee.com.br/file/sg-11134201-823ox-mou2k8y8ouf578;https://s.shopee.com.br/2BFKAgVGOI;2026-10-02 01:46:08;pendente;
58214074058;Descascador Elétrico Multifuncional Recarregável para Frutas Legumes Uvas Alho e Tomate;59.99;5.40;1377;4.7;https://cf.shopee.com.br/file/br-11134207-820m0-mrfjark11y4kef;https://s.shopee.com.br/20vtyNVtjH;2026-10-02 01:46:08;pendente;
58263812820;Jaqueta Corta Vento Impermeável Masculina Premium com Capuz 100% Poliéster Leve Motorsports Edition;74.95;8.24;1180;4.6;https://cf.shopee.com.br/file/sg-11134201-825ao-mqcvxmzidkp7aa;https://s.shopee.com.br/1qcTm4WX4G;2026-10-02 16:46:10;pendente;
58217601055;Parafusadeira Furadeira 25V Nakasaki Sem Fio a Bateria Profissional Kit Completo com Maleta;99.99;13.00;319;4.8;https://cf.shopee.com.br/file/br-11134207-820lt-msq8pkzchmh355;https://s.shopee.com.br/2LYlMnZjbf;2026-10-02 16:46:10;pendente;
58260119986;Kit 3 Camisetas Masculinas Premium Varias Cores 100% Algodão Fio 30.1 Oferta;67.46;10.79;629;4.7;https://cf.shopee.com.br/file/br-11134207-820lt-mnd6wakqr08w1c;https://s.shopee.com.br/3VkikwVIEy;2026-10-02 16:46:10;pendente;
22194167768;Kit 12 Peças (6 Conjuntos) Pijama Feminino Baby Doll Short Doll Roupa Dormir 6 Shorts+ 6 Blusas;74.9;5.99;510;4.7;https://cf.shopee.com.br/file/br-11134207-81z1k-me21x5m7ckxsd8;https://s.shopee.com.br/5Aswk0OwrS;2026-10-02 16:46:10;pendente;
58211330527;Guarda Roupas Casal Grande 8 Portas 4 Gav. Com Pés Moderno Marrom;839.11;109.08;42;4.5;https://cf.shopee.com.br/file/br-11134207-820lm-moo1fbllw6wwa9;https://s.shopee.com.br/6VOKKSJs9q;2026-10-02 16:46:10;pendente;
22293819530;Vestido Longo Com FORO e BOJO, Feminino Com manga Variados super confortáveis e leves qualidade e durabilidade;85.99;19.78;97;4.9;https://cf.shopee.com.br/file/br-11134207-7r98o-mbaadmixtnrj1b;https://s.shopee.com.br/6L4u89KVUp;2026-10-02 20:34:15;pendente;
18097800819;Jogo De Panelas Antiaderente 10 Peças Bianco Conjunto Kit Teflon  Com Tampa De Vidro Temperado Cozinha;224.9;22.49;335;4.8;https://cf.shopee.com.br/file/br-11134207-820lh-mou1drs2b2m810;https://s.shopee.com.br/5VVn8cNgBg;2026-10-02 20:34:15;pendente;
18498945540;Conjunto Feminino Maria Gueixa pra academia cropped y calça sem bolso;59.19;4.14;103;4.7;https://cf.shopee.com.br/file/br-11134207-7r98s-llctjzm4wy7we7;https://s.shopee.com.br/5LCMwJOJWf;2026-10-02 20:34:15;pendente;
23893179633;Conjuntos Lingerie Feminino de Renda Sexy Caleçon e Sutiã Sem Bojo Conjunto Espera Marido;15.9;2.38;1206;4.6;https://cf.shopee.com.br/file/sg-11134201-7ra2v-m5bq6l4he0bbfc;https://s.shopee.com.br/5q8dXEMPVm;2026-10-02 20:34:15;pendente;
55260497129;Kit Estética Automotiva Vonixx V-Floc Tok Final Intense 240ml Pneu Pretinho Pano Pincel E Aplicador;113.58;15.90;1291;4.9;https://cf.shopee.com.br/file/br-11134207-820lt-mqhpbloq1q0x0e;https://s.shopee.com.br/5fpDKvN2ql;2026-10-02 20:34:15;pendente;
58216969169;kit 4 capas de almofadas Decorativas Natal;9.9;1.29;150;4.2;https://cf.shopee.com.br/file/sg-11134201-825ac-mscrqg53zoxx7d;https://s.shopee.com.br/1VzeNGcuIW;2026-10-03 01:19:01;pendente;
48800631375;Tênis De Corrida Profissional Para Maratona Flying Burn 3 , Palma Completa , Placa De Carbono , PB IZHC NOKS;76.59;11.49;1142;4.7;https://cf.shopee.com.br/file/sg-11134201-821dj-mgi8hhoy8buwf4;https://s.shopee.com.br/4qG6LOQDXM;2026-10-03 01:19:01;pendente;
20698314106;#@CONJUNTO VALENTINA,💕CONJUNTO FEMININO,SHORTS E COLETE SOCIAL MODA 2026🔥🔥;47.99;10.56;38;4.8;https://cf.shopee.com.br/file/br-11134207-81z1k-meqem9yfyqyr04;https://s.shopee.com.br/7VGrWIG488;2026-10-03 01:19:01;pendente;
49709784118;Nova Placa De Carbono Profissional Tênis Moda Para Homem E Mulher33-44;94.98;14.25;88;4.9;https://cf.shopee.com.br/file/sg-11134201-820nm-mnmzukk63qpy97;https://s.shopee.com.br/7KxRJzGhT7;2026-10-03 01:19:01;pendente;
23893313535;Conjunto de Panelas Antiaderente 10 Peças Prime Alumínio Teflon Com Tampa De Vidro Jogo De Panelas Kit De Panelas;229.9;22.99;987;4.8;https://cf.shopee.com.br/file/br-11134207-820lp-mps9nwzdgd8h5d;https://s.shopee.com.br/7pthuuEnSE;2026-10-03 01:19:01;pendente;
48214927406;Óculos de Sol Retro Sport UV400 Antirreflexo para Pesca, Ciclismo, Caminhada, Corrida e Direção;15.68;3.61;174;5;https://cf.shopee.com.br/file/sg-11134253-8258l-mr2a16hajzeo5b;https://s.shopee.com.br/5LCOQjF4tm;2026-10-03 15:11:54;pendente;
53955233459;Conjunto Feminino Top E Saia Com Tule  Suplex Fluit Premium Moda Gringa Luxo Balada;64.44;5.16;1118;4.9;https://cf.shopee.com.br/file/br-11134207-820l7-mr7f9vsu016uda;https://s.shopee.com.br/9penmzxwll;2026-10-03 15:11:54;pendente;
22193956904;Eudora Siàge Liso Intenso kit;64.99;16.90;1;5;https://cf.shopee.com.br/file/br-11134207-7r98o-m8xyu77wixq1ae;https://s.shopee.com.br/9V1xONzDRj;2026-10-03 15:11:54;pendente;
19898943715;Kit 2 Tênis Masculino Sapatênis Polo Fran Básico Casual Com Carteira Cinto e Relógio London;69.9;7.69;331;4.5;https://cf.shopee.com.br/file/br-11134207-7r98p-llchjf937ya3b1;https://s.shopee.com.br/9zyDzIxJQs;2026-10-03 15:11:54;pendente;
58217717952;Alaxe5 Geração Versão 2 Atualizada Alto Falante Original Compacto de Alta Potência Envio Imediato  Melhor Preço;49.96;5.00;33;4.6;https://cf.shopee.com.br/file/br-11134207-820ld-mtrjxgo4cgsh42;https://s.shopee.com.br/905gnT17Sm;2026-10-03 15:11:54;pendente;
26559000150;6 Cores Maquiagem Batom Mate À Prova D'água De Longa Duração Sexy Vermelho Rosa Veludo Nude Lipsticks Mulheres Cosméticos Halloween;3.99;0.35;112;4.9;https://cf.shopee.com.br/file/sg-11134201-7rbkj-lnqth65kdhns73;https://s.shopee.com.br/8fSqOr2O8k;2026-10-03 19:07:27;pendente;
58254946565;Chaleira Elétrica Inox 1,8L ou 2L 127V ou 220V Ferve Água Rápido com Desligamento Automático;39.99;1.20;37;4.6;https://cf.shopee.com.br/file/br-11134207-820lg-mt2mgqaavvno99;https://s.shopee.com.br/8pmGbA1knn;2026-10-03 19:07:27;pendente;
22197669830;Kit 3 pijamas baby dool sortidos SUEDE personagem;42.99;4.73;241;4.5;https://cf.shopee.com.br/file/sg-11134201-7rdwr-lxvke8nwa1dya6;https://s.shopee.com.br/1qcWGISP0S;2026-10-03 19:07:27;pendente;
23194218916;Vestido feminino Justo com Decote Profundo e Gola Alta curto colado casual elegante tendência 2025;50.15;8.53;209;4.8;https://cf.shopee.com.br/file/br-11134207-7r98o-mc5sgbx925l154;https://s.shopee.com.br/2LYmrDQUzd;2026-10-03 19:07:27;pendente;
23298648562;Shorts Saída de Praia Feminino  Tricot Cos Alto Cordão Transpassado Moda Verão;28.9;6.36;1594;4.9;https://cf.shopee.com.br/file/br-11134207-820lg-mlhp0g9hrh1je6;https://s.shopee.com.br/2BFMeuR8Kc;2026-10-03 19:07:27;pendente;
58200933413;Furadeira Parafusadeira 26V Sem Fio: Alta Potência, Recarregável para Demanda Doméstica;60.82;6.08;16;4.8;https://cf.shopee.com.br/file/sg-11134201-8226f-mhh0931hjzlw68;https://s.shopee.com.br/AUuUaDvPPx;2026-10-04 01:53:37;pendente;
22893974672;conjunto feminino cereja em tule com calçinha e sutiã linha noite;20;2.60;130;4.8;https://cf.shopee.com.br/file/br-11134207-7r98o-mbtwiccrxv8916;https://s.shopee.com.br/80D9bd4vUY;2026-10-04 01:53:37;pendente;
22499247158;Carregador Portátil Mini Power Bank 10000mAh Com 02 Saídas Tipo-C / Lightning;31.99;8.96;3302;4.6;https://cf.shopee.com.br/file/sg-11134201-81zvk-mik9ovwbhszk62;https://s.shopee.com.br/2VsD3WPree;2026-10-04 01:53:37;pendente;
21598467020;kit Chapinha Profissional Prancha Titânio 110V/220V OFERTA;72;9.36;110;4.7;https://cf.shopee.com.br/file/sg-11134201-7rdxq-lychaqpyai2uc8;https://s.shopee.com.br/W78fqXTiK;2026-10-04 01:53:37;pendente;
18699862759;Conjunto Feminino Academia Suplex Poliamida Top Com Abertura e Legging Silk AVA Fitness;99.89;22.97;93;4.9;https://cf.shopee.com.br/file/br-11134207-7r98o-mdlv71gnpz2p51;https://s.shopee.com.br/BUIHEYkOI;2026-10-04 01:53:37;pendente;
58200560185;Bomba de Ar Calibrador Digital Portátil Recarregável com Powerbank Compressor Elétrico para carro, moto, bicicleta;72.75;8.73;1801;4.9;https://cf.shopee.com.br/file/br-11134207-81z1k-mgz1ko75qj2d95;https://s.shopee.com.br/5VVqGvEkZO;2026-10-04 15:55:32;pendente;
22098162297;Console Portátil R36S + de 15.000 Jogos Vídeo Game 64g Linux Tela IPS 3.5 Polegadas;175.99;19.36;4095;4.8;https://cf.shopee.com.br/file/sg-11134201-7ra3y-m56askdr4w0n04;https://s.shopee.com.br/5LCQ4cFNuN;2026-10-04 15:55:32;pendente;
23931899885;Macacao Feminino Decotado Alcinha 2 Fendas Pantalona;49.99;14.00;0;4.7;https://cf.shopee.com.br/file/br-11134201-23030-i9ipbpxgmqov21;https://s.shopee.com.br/AKb61nwLlV;2026-10-04 15:55:32;pendente;
17693472299;Legging Academia Levanta Bumbum Calça Feminina;29.9;4.49;696;4.7;https://cf.shopee.com.br/file/br-11134207-81z1k-mig6mkbxep6q7e;https://s.shopee.com.br/8V9RqR3KUC;2026-10-04 15:55:32;pendente;
23193657596;kit calças jeans masculina com lycra skinny confortavel para o dia dia  Original promoção;69.99;33.60;18;4.9;https://cf.shopee.com.br/file/br-11134207-7r98o-mdptcisaezf55b;https://s.shopee.com.br/8Kq1e83xpB;2026-10-04 15:55:32;pendente;
46560301686;Comedouro e Bebedouro Automático para Gatos e Cães Premium 1L Jelplast;64.9;11.68;123;4.9;https://cf.shopee.com.br/file/br-11134207-820ma-mo396acb8ttwdd;https://s.shopee.com.br/W7AY0WbDM;2026-10-04 19:23:23;pendente;
16892189215;Bicicleta  Aro 29 GT Sprint MX7 24V index Freio Disco Alumínio Suspensão Aero MTB;799;111.86;1477;4.7;https://cf.shopee.com.br/file/br-11134207-81z1k-me910y70d7nmf6;https://s.shopee.com.br/113R8vUhCX;2026-10-04 19:23:23;pendente;
23393338627;"2026 Videogame Portatil Tela 5.8"" /4.8"" +10000 Jogos Retro 16GB, Console de Mão Memoria Expansivel";143.9;10.07;846;4.8;https://cf.shopee.com.br/file/sg-11134201-7rdvp-m0enpdf28jf2a1;https://s.shopee.com.br/1qcY8SRWVk;2026-10-04 19:23:23;pendente;
22892976780;Conjunto Academia Top e Legging Levanta Bumbum;49.9;7.49;323;4.7;https://cf.shopee.com.br/file/br-11134207-820l9-mqw2c48s9vk44c;https://s.shopee.com.br/1VzhjqSnBi;2026-10-04 19:23:23;pendente;
22393504413;Bota Coturno Masculino CAT Impermeável Palmilha de Gel Promoção;89.95;7.20;754;4.9;https://cf.shopee.com.br/file/br-11134207-7r98o-m1xf8m5q8jrc72;https://s.shopee.com.br/1Atx5clSP;2026-10-04 19:23:23;pendente;
22192792890;Faca Para Churrasco Profissional Luxo Personalizado Seu time;58.88;5.89;385;4.9;https://cf.shopee.com.br/file/br-11134207-81z1k-mfyfc5895i4l55;https://s.shopee.com.br/60S5DxCXXy;2026-10-05 01:08:07;pendente;
23593093649;Cooler Multifuncional Super Térmica 32 Litros Casa Praia Camping Viagens Multiuso;149.9;19.49;27;4.6;https://cf.shopee.com.br/file/br-11134207-81z1k-mfe54je0p345ca;https://s.shopee.com.br/LnkLhXEYL;2026-10-05 01:08:07;pendente;
58252765223;Kit Conjunto Camiseta e Calça moletom Moda masculina camiseta casual Black Malha Algodão + calça Moletom Com bolso;59.9;8.39;328;4.9;https://cf.shopee.com.br/file/sg-11134201-8262w-mj5wae5y1gjl21;https://s.shopee.com.br/qk0wcVKXW;2026-10-05 01:08:07;pendente;
22498844695;Lança Bolhas Sabão Automático Brinquedo Infantil Menino Menina Festa Aniversário Presente Elétrico;21.89;3.06;6365;4.9;https://cf.shopee.com.br/file/br-11134207-820me-mowqrc9hs6bpfa;https://s.shopee.com.br/W7AY0arRW;2026-10-05 01:08:07;pendente;
22898541275;Bola de Futsal Topper Ultra Salão Colagem Dupla Oficial;66.99;22.11;161;4.9;https://cf.shopee.com.br/file/br-11134207-7r98o-ma9x7e2pofque0;https://s.shopee.com.br/9zyFrT0hAP;2026-10-05 01:08:07;pendente;
48264636685;Bola De Aperto De Pão De Ouro Colorida Fofa De 5.5 Cm , Brinquedo Mole De Alívio De Estresse Para Crianças E Adultos , C;9.5;1.04;1004;4.5;https://cf.shopee.com.br/file/sg-11134201-820oi-mnb9epenvnk0c3;https://s.shopee.com.br/2qV6x81blW;2026-10-05 19:51:40;pendente;
22219555559;Mochila Masculina Bolsa Prova D'água Mochila escolar;39.5;3.16;301;4.8;https://cf.shopee.com.br/file/br-11134207-23010-ek2erzh17jmv58;https://s.shopee.com.br/AAHhgbZgtH;2026-10-05 19:51:40;pendente;
23794667309;Vestido Elegante Longo Costa Nua Alcinha Trançado Com Fenda Lateral Bumbum  Empinado Festa Em Suplex;31.99;2.88;312;4.8;https://cf.shopee.com.br/file/br-11134207-820ly-mpswgul6w5xd1e;https://s.shopee.com.br/9perHzaxZF;2026-10-05 19:51:40;pendente;
58266849757;Kit 4 Perfumes Femininos Árabes 100ml;68.9;12.40;1245;3.9;https://cf.shopee.com.br/file/sg-11134201-8258h-msapqs11hj43d5;https://s.shopee.com.br/905kISe8G8;2026-10-05 19:51:40;pendente;
26030617939;Conjunto de Pijamas de Seda 4 Peças Feminino Sexy – Camisa, Regata, Shorts e Calça Longa;28.99;2.90;47;4.3;https://cf.shopee.com.br/file/sg-11134201-7rd59-m7o45tx7ivlk62;https://s.shopee.com.br/8fSttqfOw6;2026-10-05 19:51:40;pendente;
44566118916;LED Glitter Estrela Grânulo Unicórnio Bun Brinquedo Mole Completo Com Simulação Cesta De Vapor Bonito Brilhante Decoraçã;17.9;1.97;1564;4.4;https://cf.shopee.com.br/file/sg-11134201-825b2-mry5bqapkd1e88;https://s.shopee.com.br/8Kq3VEgfc4;2026-10-05 22:26:51;pendente;
56560955913;Sutiã Esportivo Sem Costura , Confortável Com Armação , Top Tubo Decote Em V , Push-Up Fino/Roupa Íntima/Academia/Ioga/F;3.89;0.27;237;4.7;https://cf.shopee.com.br/file/sg-11134201-81zui-mmzwnhhbn1tx6e;https://s.shopee.com.br/8V9ThXg2H7;2026-10-05 22:26:51;pendente;
23293613884;KIT 4 pares de tênis masculino casual para todas ocasiões;99.9;16.98;1211;4.6;https://cf.shopee.com.br/file/br-11134207-81z1k-mf43fe4t998m8b;https://s.shopee.com.br/7faMi0jCy0;2026-10-05 22:26:51;pendente;
48858162750;Tênis De Corrida Masculino E Feminino Moda Academia Caminhada Confortável De 33 A 44;34.85;4.88;301;4.8;https://cf.shopee.com.br/file/sg-11134201-81zuh-mmko4h4w8s2761;https://s.shopee.com.br/7KxWJOkTdy;2026-10-05 22:26:51;pendente;
23098939170;Vestido Indiano longo ESTAMPADO LONGO FRENTE Única e costa Nua, ELEGANTE;72.59;15.97;94;4.9;https://cf.shopee.com.br/file/br-11134207-81ztc-mk33iggkf0g35a;https://s.shopee.com.br/70KfumlkJw;2026-10-05 22:26:51;pendente;
20997608223;Caixa de som Bluetooth Portátil Com Led RGB Portátil FM USB TWS 30W Para Praia, Festa ou Viagem;99.99;7.00;3591;4.8;https://cf.shopee.com.br/file/br-11134207-7r98o-lqo1mmf95gcjc2;https://s.shopee.com.br/7Ae675l6yz;2026-10-06 02:25:57;pendente;
58264775935;Desodorante Colônia Body Splash Morango e Leite;14.99;2.10;125;4.1;https://cf.shopee.com.br/file/br-11134207-820lk-mqyva50h24g588;https://s.shopee.com.br/AAHi7gQ9MY;2026-10-06 02:25:57;pendente;
58203275161;Vestido Feminino Longo Camadas Serena Tecido Duna Tendencia Lançamento 2026;59.8;10.76;679;4.9;https://cf.shopee.com.br/file/br-11134207-820lf-mrhw6so3ol5309;https://s.shopee.com.br/9fLRWlS3NV;2026-10-06 02:25:57;pendente;
23997821333;Calça Legging Bolha e Lisa Suplex Cós Alto Empina Bumbum Fitness Suplex 3D Legue Textura Flocada Academia Cintura alta;24.75;3.22;720;4.6;https://cf.shopee.com.br/file/br-11134207-7r98o-m0g4xgpzdokg63;https://s.shopee.com.br/9V21KSSgiU;2026-10-06 02:25:57;pendente;
22393516179;Conjunto Infantil Masculino De Verão - Camisa + Bermuda - Tamanho 2 Ao 12 Anos;29.9;4.19;3012;4.8;https://cf.shopee.com.br/file/br-11134207-820m1-mtgzc9pi8lc1d5;https://s.shopee.com.br/9Kib89TK3T;2026-10-06 02:25:57;pendente;
23397429688;Camisola Sexy Com Renda Sem Bojo Costa Nua Sensual Pijama Roupa De Dormi Costas Abertas;28.9;4.91;898;4.8;https://cf.shopee.com.br/file/br-11134207-7r98o-luybj66r74h1ec;https://s.shopee.com.br/7Ae7XekQKd;2026-10-06 17:21:17;pendente;
22530751065;Calça Feminina Pantalona Wide Leg Duna com Botão | TAMANHO: P / M / G / GG;39.9;5.99;137;4.7;https://cf.shopee.com.br/file/br-11134207-7r98o-luzdujc23cyo49;https://s.shopee.com.br/5At39ys2OR;2026-10-06 17:21:17;pendente;
52407426682;Tênis de Corrida Masculino e Feminino Sapato de Moda Academia Caminhada Confortável do 33 ao 44;71.62;10.03;1632;4.9;https://cf.shopee.com.br/file/sg-11134201-8261o-mjyfg9rs969s85;https://s.shopee.com.br/4B0Vy8vqQH;2026-10-06 17:21:17;pendente;
19499545730;Mini Compressor De Ar Portátil Recarregável Digital USB Calibrador De Pneus Carro Moto Bicicleta Infláveis Automático;68.99;7.59;2388;4.9;https://cf.shopee.com.br/file/sg-11134201-7rd5k-m7r1faf4n6ivbc;https://s.shopee.com.br/4VdMMkuZkN;2026-10-06 17:21:17;pendente;
20397673886;Conjunto Academia Top e Legging Elastico Exposto Cintura Alta;47.9;7.18;339;4.7;https://cf.shopee.com.br/file/br-11134207-820lm-mqnph5yw6dxf88;https://s.shopee.com.br/3VkpAuyNmD;2026-10-06 17:21:17;pendente;
23094548592;Vestido Feminino Nula Manga Moda Gringa Paty Show suplex premium vestido de festa;27.98;3.64;298;4.7;https://cf.shopee.com.br/file/br-11134207-81z1k-mg2s9syx3hfrb8;https://s.shopee.com.br/4qGCzqmwJ2;2026-10-06 20:52:11;pendente;
58264595993;Psyllium + Chá Verde | 60 Cápsulas | Envio Rápido | Fórmula Premium;24.79;5.45;433;4.9;https://cf.shopee.com.br/file/sg-11134201-82592-mquue4jw5jwi88;https://s.shopee.com.br/50ZdC9mIy7;2026-10-06 20:52:11;pendente;
20898752366;Biotina Premium Cabelos Pele Unhas - 60Caps GENATURE;20.92;4.81;709;4.9;https://cf.shopee.com.br/file/br-11134207-820li-mtb3wnl1okqof8;https://s.shopee.com.br/2qV8cAuYMi;2026-10-06 20:52:11;pendente;
22699351945;Kit Whey Protein Fusion + Bcaa + Creatina + Shaker - Espartanos;79.99;10.40;10;4.8;https://cf.shopee.com.br/file/br-11134207-820ls-msflhqla0k5j9f;https://s.shopee.com.br/3LRNz7qAEd;2026-10-06 20:52:11;pendente;
20599380884;Jogo de Panelas Antiaderente 5 Peças com Tampa de Vidro | Não Gruda | Cozinha Moderna;139.9;18.19;7;4.7;https://cf.shopee.com.br/file/br-11134207-820m3-ms494lk59gcmdc;https://s.shopee.com.br/6fhrBDkMLe;2026-10-06 20:52:11;pendente;
21897981294;Attracione Men (Perfume Masculino com Feromônios Ativados);59;15.34;3120;4.8;https://cf.shopee.com.br/file/sg-11134201-7repr-m2v3wdwedwcb1f;https://s.shopee.com.br/905lxVX4qV;2026-10-07 01:44:03;pendente;
45504824205; Conjunto de Cílios Postiços Longos Híbridos: Tipo D-Volume, 8-16mm, Natural e Fofinho, Reutilizável;9.72;0.97;1195;4.9;https://cf.shopee.com.br/file/sg-11134201-82599-mrjvqd3a22o214;https://s.shopee.com.br/LnnxcqTAz;2026-10-07 01:44:03;pendente;
23899017576;Carregador Portátil Indução para Sem fio Bateria Carga 3000/5000/10000mAh;28.98;3.19;7035;4.6;https://cf.shopee.com.br/file/br-11134207-81z1k-mhpueqwbzs3me6;https://s.shopee.com.br/BUNlJr6Vy;2026-10-07 01:44:03;pendente;
58261704601;KIT 4 Shorts 2 em 1 Masculino Dry Fit Academia Corrida Fitness Compressão Bolso Celular Musculação;65.99;5.28;5919;4.8;https://cf.shopee.com.br/file/br-11134207-820mb-mow174ntwd8gda;https://s.shopee.com.br/1AxZ0rjqx;2026-10-07 01:44:03;pendente;
20899761631;Inova Bateria Portátil Power Bank 20.000mah/10.000mah Universal carregador 22,5W Com Displaya Visor do nível da bateria;119.9;15.59;1188;4.9;https://cf.shopee.com.br/file/br-11134207-7r98o-manzmd5jc0l56b;https://s.shopee.com.br/9zyJTOFfYw;2026-10-07 01:44:03;pendente;
11645499489;Biquini Fio Dental Cortininha Premium Marquinha Lançamento Verão Moda Praia;29.6;5.33;118;4.7;https://cf.shopee.com.br/file/br-11134207-81z1k-mfh2hiekie4lcd;https://s.shopee.com.br/3B80PYFyjU;2026-10-07 17:55:36;pendente;
23793172388;Relógio Smartwatch Original X9 Pro Série 45mm, GPS, NFC, Monitor de Pressão Arterial – São Paulo, Estoque Disponível;69.88;9.08;418;4.8;https://cf.shopee.com.br/file/sg-11134201-7rdw5-ly4sik99nn6wf4;https://s.shopee.com.br/60SBml5BzE;2026-10-07 17:55:36;pendente;
22193514019;Short Feminino Social Com CINTO e BOLSOS Cintura Alta PROMOÇÃO P ao GG;20.9;3.55;296;4.7;https://cf.shopee.com.br/file/br-11134207-7r98o-m1x0fpe6ntoo83;https://s.shopee.com.br/6L52BN3vJK;2026-10-07 17:55:36;pendente;
23794242479;Meias Masculinas Cano Alto Macias e Resistentes;21.99;4.18;3155;4.9;https://cf.shopee.com.br/file/br-11134207-820ll-mtippu71nkead9;https://s.shopee.com.br/9V23xBwGdv;2026-10-07 17:55:36;pendente;
58210532717;Body splash Perfume Deo Colônia Flooratta Red 200ML;24.9;4.23;1630;4.2;https://cf.shopee.com.br/file/br-11134207-820le-mo5m3lm7da841f;https://s.shopee.com.br/5fpLO9ArQG;2026-10-07 17:55:36;pendente;
18597636474;Calça Cargo Unissex Larga Baggy Wide Leg Streetwear Skate Hip Hop Oversized Casual Cordão Ajustável Bolsos Cargo Moda;59;9.44;625;4.8;https://cf.shopee.com.br/file/br-11134207-820ll-mq9u8ghua683eb;https://s.shopee.com.br/4qGEOc9dLe;2026-10-07 21:08:36;pendente;
18198149969;Conjunto Academia Feminino Alta Compressão Fitness Top e Short com Bolso;35;5.25;969;4.8;https://cf.shopee.com.br/file/br-11134207-7r98o-mdnugrvunc8ped;https://s.shopee.com.br/4VdO00Au1c;2026-10-07 21:08:36;pendente;
23596946700;G-Speaker Smart Station - Luminária Bluetooth Inteligente Carregador Sem Fio Alarme Luz RGB;56.9;5.12;106;4.7;https://cf.shopee.com.br/file/br-11134207-7r98s-lm0dq0aynhti31;https://s.shopee.com.br/5LCUzXC86E;2026-10-07 21:08:36;pendente;
22892833180;40 Peças / 46 Peças Jogo De Chave Catraca Caixa De Ferramentas para Reparo de Carros / Conjuntos de Chaves;28.99;5.51;14647;4.8;https://cf.shopee.com.br/file/br-11134207-820l9-mqt86n8incape7;https://s.shopee.com.br/5VVvBqBUlH;2026-10-07 21:08:36;pendente;
22697281112;Projetor HY300 Original Portátil Smart Android 11 4K Ultra HD HDMI Wifi Bluetooth Alto Falante Embutido;199.99;12.00;681;4.8;https://cf.shopee.com.br/file/br-11134207-7r98o-lpxmay8ur8yv0e;https://s.shopee.com.br/6L52BN8K4S;2026-10-07 21:08:36;pendente;
46054420959;Nova Profissional Placa De Carbono Tênis De Corrida Maratona Moda Sapatos Para Homens E Mulheres 33-44;117.4;17.61;701;4.9;https://cf.shopee.com.br/file/sg-11134201-82619-mja88ihucume5a;https://s.shopee.com.br/9zyKY6pxs8;2026-10-08 02:11:47;pendente;
58268402309;Squishy Bun Surpresa 2 Estilos 6 Cores Brinquedo Sensorial Macio Glitter para Apertar 3+;18.98;1.52;10010;4.6;https://cf.shopee.com.br/file/br-11134207-820m7-mtxslaohbcap52;https://s.shopee.com.br/6VOSNg7gjV;2026-10-08 02:11:47;pendente;
10688323091;Chinelo Feminino Masculino Nuvem Slide Confortável Macio;39.9;5.59;797;4.7;https://cf.shopee.com.br/file/sg-11134201-7rfid-m3nuo7lr5uzr9a;https://s.shopee.com.br/7Ae9Au59Nh;2026-10-08 02:11:47;pendente;
22598909192;Conjunto lingerie em tule com renda calcinha e sutiã com regulagem coração sem bojo;19.99;3.60;1215;4.8;https://cf.shopee.com.br/file/br-11134207-820mb-mmbrifw3h4hs7f;https://s.shopee.com.br/3B80PYKNV2;2026-10-08 02:11:47;pendente;
22093160276;2026 Nova Série 8 Relógio T800 Ultra Smart Watch Esportivo Sem Fio À Prova D'água T800 Ultra2 MAX;45.88;7.34;10015;4.7;https://cf.shopee.com.br/file/sg-11134201-7rdym-lxrzfhio6fhl9d;https://s.shopee.com.br/2qVA0wLeB0;2026-10-08 02:11:47;pendente;
